email_id,text_score,bm25_score,lexicon_hits
<18782981.1075855378110.JavaMail.evans@thyme>,1.0,10.985068796750202,7
<20010514.230000.ops2@enron>,0.7449515556379595,8.18334408892907,4
<20010515.081200.ops@enron>,0.4825550106548182,5.300899990259705,4
<15464986.1075855378456.JavaMail.evans@thyme>,0.275533439709451,3.026753791013543,4
<20010515.083000.iris@enron>,0.0,0.0,1
<20010513.120000.random@enron>,0.0,0.0,0
